{"cameraMode":{"drawMode":0,"name":"Shaded","section":"Shading Mode"},"sceneLighting":true,"audioPlay":false,"sceneViewState":{"m_AlwaysRefresh":false,"showFog":true,"showSkybox":true,"showFlares":true,"showImageEffects":true,"showParticleSystems":true,"showVisualEffectGraphs":true,"m_FxEnabled":true},"in2DMode":false,"pivot":{"x":823.6586303710938,"y":14.350975036621094,"z":323.596435546875},"rotation":{"x":0.15095974504947663,"y":-0.06980516016483307,"z":-0.004678770434111357,"w":0.9880043268203735},"size":130.4727325439453,"orthographic":false}