{"cameraMode":{"drawMode":0,"name":"Shaded","section":"Shading Mode"},"sceneLighting":true,"audioPlay":false,"sceneViewState":{"m_AlwaysRefresh":false,"showFog":true,"showSkybox":true,"showFlares":true,"showImageEffects":true,"showParticleSystems":true,"showVisualEffectGraphs":true,"m_FxEnabled":true},"in2DMode":false,"pivot":{"x":470.81597900390627,"y":63.975135803222659,"z":270.3202209472656},"rotation":{"x":0.13699650764465333,"y":0.26830223202705386,"z":-0.03857864439487457,"w":0.9527649283409119},"size":25.43793487548828,"orthographic":false}