{"cameraMode":{"drawMode":0,"name":"Shaded","section":"Shading Mode"},"sceneLighting":false,"audioPlay":false,"sceneViewState":{"m_AlwaysRefresh":false,"showFog":true,"showSkybox":true,"showFlares":true,"showImageEffects":true,"showParticleSystems":true,"showVisualEffectGraphs":true,"m_FxEnabled":true},"in2DMode":false,"pivot":{"x":436.65374755859377,"y":3.800933837890625,"z":300.5234680175781},"rotation":{"x":-0.34932366013526919,"y":-0.029689200222492219,"z":0.011224372312426567,"w":-0.9365894794464111},"size":229.54075622558595,"orthographic":false}