{"cameraMode":{"drawMode":0,"name":"Shaded","section":"Shading Mode"},"sceneLighting":false,"audioPlay":false,"sceneViewState":{"m_AlwaysRefresh":false,"showFog":true,"showSkybox":true,"showFlares":true,"showImageEffects":true,"showParticleSystems":true,"showVisualEffectGraphs":true,"m_FxEnabled":true},"in2DMode":false,"pivot":{"x":523.3096923828125,"y":262.83038330078127,"z":417.16693115234377},"rotation":{"x":-0.08933188021183014,"y":0.8865130543708801,"z":-0.41131943464279177,"w":-0.19257479906082154},"size":264.3294677734375,"orthographic":false}