{"cameraMode":{"drawMode":0,"name":"Shaded","section":"Shading Mode"},"sceneLighting":false,"audioPlay":false,"sceneViewState":{"m_AlwaysRefresh":false,"showFog":true,"showSkybox":true,"showFlares":true,"showImageEffects":true,"showParticleSystems":true,"showVisualEffectGraphs":true,"m_FxEnabled":true},"in2DMode":false,"pivot":{"x":546.3858032226563,"y":-24.47241973876953,"z":159.83338928222657},"rotation":{"x":0.015016929246485234,"y":-0.9819834232330322,"z":0.1686493158340454,"w":0.08557681739330292},"size":104.24552917480469,"orthographic":false}