{"cameraMode":{"drawMode":0,"name":"Shaded","section":"Shading Mode"},"sceneLighting":false,"audioPlay":false,"sceneViewState":{"m_AlwaysRefresh":false,"showFog":true,"showSkybox":false,"showFlares":true,"showImageEffects":true,"showParticleSystems":true,"showVisualEffectGraphs":true,"m_FxEnabled":true},"in2DMode":false,"pivot":{"x":-0.1764078140258789,"y":3.968667507171631,"z":-0.04970836639404297},"rotation":{"x":0.24217090010643006,"y":-0.4288577139377594,"z":0.12048623710870743,"w":0.8619346022605896},"size":11.690359115600586,"orthographic":false}