{"cameraMode":{"drawMode":0,"name":"Shaded","section":"Shading Mode"},"sceneLighting":false,"audioPlay":false,"sceneViewState":{"m_AlwaysRefresh":false,"showFog":true,"showSkybox":false,"showFlares":true,"showImageEffects":true,"showParticleSystems":true,"showVisualEffectGraphs":true,"m_FxEnabled":true},"in2DMode":false,"pivot":{"x":2.5199999809265138,"y":1.104013204574585,"z":-8.940696716308594e-8},"rotation":{"x":0.033552516251802447,"y":0.9586217999458313,"z":-0.25234857201576235,"w":0.1274949014186859},"size":3.2948527336120607,"orthographic":false}