{"cameraMode":{"drawMode":0,"name":"Shaded","section":"Shading Mode"},"sceneLighting":false,"audioPlay":false,"sceneViewState":{"m_AlwaysRefresh":false,"showFog":true,"showSkybox":false,"showFlares":true,"showImageEffects":true,"showParticleSystems":true,"showVisualEffectGraphs":true,"m_FxEnabled":true},"in2DMode":false,"pivot":{"x":0.04038691520690918,"y":0.21781545877456666,"z":0.032614707946777347},"rotation":{"x":-0.17336370050907136,"y":-0.15268848836421967,"z":0.027225296944379808,"w":-0.9725946187973023},"size":5.556851863861084,"orthographic":false}